{
  "id": "ac9ac5ed-52a2-4878-90ce-41d1adb99f6d",
  "name": "Send email to systemassociates when submitted",
  "form": "5ed374a2-c785-4a7e-bf0f-4d55b538fcf2",
  "active": true,
  "workflowTypeId": "e96badd7-05be-4978-b8d9-b3d733de70a5",
  "executesOn": "Submitted",
  "settings": {
    "Email": "info@systemassociates.co.uk",
    "SenderEmail": "contactme@semantris.co.uk",
    "Subject": "Semantris contact form submitted",
    "Message": "the form  was submitted, this is the list of values it contained"
  },
  "sortOrder": 0
}